[
  {
    "inputs": [
      { "internalType": "address", "name": "_lpTokenAddress", "type": "address" },
      { "internalType": "address", "name": "_oracle", "type": "address" }
    ],
    "stateMutability": "nonpayable",
    "type": "constructor"
  },
  {
    "anonymous": false,
    "inputs": [
      { "indexed": false, "internalType": "string", "name": "strTopic", "type": "string" },
      { "indexed": false, "internalType": "address", "name": "userAddress", "type": "address" },
      { "indexed": false, "internalType": "uint256", "name": "collateralDeposited", "type": "uint256" },
      { "indexed": false, "internalType": "uint256", "name": "amountMinted", "type": "uint256" },
      { "indexed": false, "internalType": "uint256", "name": "timestampDeposit", "type": "uint256" }
    ],
    "name": "Deposit",
    "type": "event"
  },
  {
    "anonymous": false,
    "inputs": [
      { "indexed": true, "internalType": "address", "name": "previousOwner", "type": "address" },
      { "indexed": true, "internalType": "address", "name": "newOwner", "type": "address" }
    ],
    "name": "OwnershipTransferred",
    "type": "event"
  },
  {
    "anonymous": false,
    "inputs": [
      { "indexed": false, "internalType": "string", "name": "strTopic", "type": "string" },
      { "indexed": false, "internalType": "string", "name": "strType", "type": "string" },
      { "indexed": false, "internalType": "uint256", "name": "amount", "type": "uint256" },
      { "indexed": false, "internalType": "uint256", "name": "timestampSwap", "type": "uint256" }
    ],
    "name": "SwapAll",
    "type": "event"
  },
  {
    "anonymous": false,
    "inputs": [
      { "indexed": false, "internalType": "string", "name": "strTopic", "type": "string" },
      { "indexed": false, "internalType": "address", "name": "userAddress", "type": "address" },
      { "indexed": false, "internalType": "uint256", "name": "collateralWithdrawn", "type": "uint256" },
      { "indexed": false, "internalType": "uint256", "name": "amountBurned", "type": "uint256" },
      { "indexed": false, "internalType": "uint256", "name": "timestampWithdraw", "type": "uint256" }
    ],
    "name": "Withdraw",
    "type": "event"
  },
  {
    "inputs": [
      { "internalType": "string", "name": "a", "type": "string" },
      { "internalType": "string", "name": "b", "type": "string" }
    ],
    "name": "compareStrings",
    "outputs": [{ "internalType": "bool", "name": "", "type": "bool" }],
    "stateMutability": "view",
    "type": "function"
  },
  {
    "inputs": [
      { "internalType": "address", "name": "depositTokenAddress", "type": "address" },
      { "internalType": "uint256", "name": "amountToDeposit", "type": "uint256" }
    ],
    "name": "deposit",
    "outputs": [],
    "stateMutability": "nonpayable",
    "type": "function"
  },
  {
    "inputs": [{ "internalType": "uint256", "name": "repaymentAmount", "type": "uint256" }],
    "name": "estimateCollateralAmount",
    "outputs": [{ "internalType": "uint256", "name": "collateralAmount", "type": "uint256" }],
    "stateMutability": "view",
    "type": "function"
  },
  {
    "inputs": [{ "internalType": "uint256", "name": "depositAmount", "type": "uint256" }],
    "name": "estimateTokenAmount",
    "outputs": [{ "internalType": "uint256", "name": "tokenAmount", "type": "uint256" }],
    "stateMutability": "view",
    "type": "function"
  },
  {
    "inputs": [],
    "name": "getCurrentCoin",
    "outputs": [{ "internalType": "string", "name": "", "type": "string" }],
    "stateMutability": "view",
    "type": "function"
  },
  {
    "inputs": [],
    "name": "getEthUSDPrice",
    "outputs": [{ "internalType": "uint256", "name": "", "type": "uint256" }],
    "stateMutability": "view",
    "type": "function"
  },
  {
    "inputs": [],
    "name": "getLpToken",
    "outputs": [{ "internalType": "address", "name": "", "type": "address" }],
    "stateMutability": "view",
    "type": "function"
  },
  {
    "inputs": [],
    "name": "getOracle",
    "outputs": [{ "internalType": "address", "name": "", "type": "address" }],
    "stateMutability": "view",
    "type": "function"
  },
  {
    "inputs": [],
    "name": "getSwapFlag",
    "outputs": [{ "internalType": "bool", "name": "", "type": "bool" }],
    "stateMutability": "view",
    "type": "function"
  },
  {
    "inputs": [],
    "name": "getUSDCUSDPrice",
    "outputs": [{ "internalType": "uint256", "name": "", "type": "uint256" }],
    "stateMutability": "view",
    "type": "function"
  },
  {
    "inputs": [{ "internalType": "address", "name": "userAddress", "type": "address" }],
    "name": "getVault",
    "outputs": [
      {
        "components": [
          { "internalType": "uint256", "name": "collateralAmount", "type": "uint256" },
          { "internalType": "uint256", "name": "debtAmount", "type": "uint256" }
        ],
        "internalType": "struct IVault.Vault",
        "name": "vault",
        "type": "tuple"
      }
    ],
    "stateMutability": "view",
    "type": "function"
  },
  {
    "inputs": [
      { "internalType": "uint256", "name": "usdcAmount", "type": "uint256" },
      { "internalType": "uint256", "name": "lpTokenAmount", "type": "uint256" }
    ],
    "name": "initializeVault",
    "outputs": [],
    "stateMutability": "nonpayable",
    "type": "function"
  },
  {
    "inputs": [],
    "name": "lpToken",
    "outputs": [{ "internalType": "contract LpToken", "name": "", "type": "address" }],
    "stateMutability": "view",
    "type": "function"
  },
  {
    "inputs": [],
    "name": "owner",
    "outputs": [{ "internalType": "address", "name": "", "type": "address" }],
    "stateMutability": "view",
    "type": "function"
  },
  { "inputs": [], "name": "renounceOwnership", "outputs": [], "stateMutability": "nonpayable", "type": "function" },
  { "inputs": [], "name": "swapAll", "outputs": [], "stateMutability": "nonpayable", "type": "function" },
  {
    "inputs": [],
    "name": "totalVaultEth",
    "outputs": [{ "internalType": "uint256", "name": "", "type": "uint256" }],
    "stateMutability": "view",
    "type": "function"
  },
  {
    "inputs": [],
    "name": "totalVaultUSDC",
    "outputs": [{ "internalType": "uint256", "name": "", "type": "uint256" }],
    "stateMutability": "view",
    "type": "function"
  },
  {
    "inputs": [{ "internalType": "address", "name": "newOwner", "type": "address" }],
    "name": "transferOwnership",
    "outputs": [],
    "stateMutability": "nonpayable",
    "type": "function"
  },
  {
    "inputs": [{ "internalType": "uint256", "name": "lptokenAmount", "type": "uint256" }],
    "name": "withdraw",
    "outputs": [],
    "stateMutability": "nonpayable",
    "type": "function"
  }
]
